{
   "1": {
      "CpM": 0.094
   },
   "2": {
      "CpM": 0.166398
   },
   "3": {
      "CpM": 0.215732
   },
   "4": {
      "CpM": 0.25572
   },
   "5": {
      "CpM": 0.29025
   },
   "6": {
      "CpM": 0.321088
   },
   "7": {
      "CpM": 0.349213
   },
   "8": {
      "CpM": 0.375236
   },
   "9": {
      "CpM": 0.399567
   },
   "10": {
      "CpM": 0.4225
   },
   "11": {
      "CpM": 0.443108
   },
   "12": {
      "CpM": 0.462798
   },
   "13": {
      "CpM": 0.481685
   },
   "14": {
      "CpM": 0.499858
   },
   "15": {
      "CpM": 0.517394
   },
   "16": {
      "CpM": 0.534354
   },
   "17": {
      "CpM": 0.550793
   },
   "18": {
      "CpM": 0.566755
   },
   "19": {
      "CpM": 0.582279
   },
   "20": {
      "CpM": 0.5974
   },
   "21": {
      "CpM": 0.612157
   },
   "22": {
      "CpM": 0.626567
   },
   "23": {
      "CpM": 0.640653
   },
   "24": {
      "CpM": 0.654436
   },
   "25": {
      "CpM": 0.667934
   },
   "26": {
      "CpM": 0.681165
   },
   "27": {
      "CpM": 0.694144
   },
   "28": {
      "CpM": 0.706884
   },
   "29": {
      "CpM": 0.719399
   },
   "30": {
      "CpM": 0.7317
   },
   "31": {
      "CpM": 0.737769
   },
   "32": {
      "CpM": 0.743789
   },
   "33": {
      "CpM": 0.749761
   },
   "34": {
      "CpM": 0.755686
   },
   "35": {
      "CpM": 0.761564
   },
   "36": {
      "CpM": 0.767397
   },
   "37": {
      "CpM": 0.773187
   },
   "38": {
      "CpM": 0.778933
   },
   "39": {
      "CpM": 0.784637
   },
   "40": {
      "CpM": 0.7903
   }
}
